call_id,timestamp,trade,handled_by,after_hours,duration_sec,booked,appointment_id
CALL-0001,2026-06-15T11:37,Plumbing,ai,no,131,yes,APPT-5001
CALL-0002,2026-06-21T15:46,HVAC,ai,yes,370,no,
CALL-0003,2026-05-08T04:10,Roofing,ai,yes,200,yes,APPT-5002
CALL-0004,2026-06-23T13:43,Electrical,human,no,377,yes,APPT-5003
CALL-0005,2026-05-22T17:04,Electrical,ai,no,454,no,
CALL-0006,2026-05-10T16:31,Electrical,ai,yes,146,no,
CALL-0007,2026-05-06T13:50,Plumbing,ai,no,146,yes,APPT-5004
CALL-0008,2026-05-17T23:48,Plumbing,ai,yes,368,yes,APPT-5005
CALL-0009,2026-05-26T09:19,Roofing,ai,no,211,yes,APPT-5006
CALL-0010,2026-05-22T17:15,Electrical,ai,no,404,no,
CALL-0011,2026-05-21T11:50,HVAC,ai,no,409,no,
CALL-0012,2026-05-27T16:34,Roofing,ai,no,247,yes,APPT-5007
CALL-0013,2026-05-22T15:04,Garage Door,ai,no,179,yes,APPT-5008
CALL-0014,2026-06-10T11:18,Electrical,ai,no,235,no,
CALL-0015,2026-05-21T17:00,Roofing,human,no,450,yes,APPT-5009
CALL-0016,2026-06-11T18:13,Roofing,ai,yes,102,no,
CALL-0017,2026-06-22T07:15,HVAC,ai,yes,70,no,
CALL-0018,2026-05-12T18:50,Electrical,ai,yes,117,yes,APPT-5010
CALL-0019,2026-06-01T12:19,Electrical,ai,no,280,no,
CALL-0020,2026-06-11T11:58,Plumbing,ai,no,123,yes,APPT-5011
CALL-0021,2026-06-11T14:15,HVAC,ai,no,356,no,
CALL-0022,2026-06-08T19:15,Electrical,ai,yes,237,yes,APPT-5012
CALL-0023,2026-06-18T11:55,Plumbing,human,no,131,no,
CALL-0024,2026-06-22T09:52,Plumbing,ai,no,288,yes,APPT-5013
CALL-0025,2026-05-17T09:30,Garage Door,ai,yes,221,yes,APPT-5014
CALL-0026,2026-05-24T16:50,Garage Door,ai,yes,228,yes,APPT-5015
CALL-0027,2026-05-31T13:15,HVAC,ai,yes,440,no,
CALL-0028,2026-06-25T15:40,Garage Door,ai,no,229,no,
CALL-0029,2026-05-13T18:48,Garage Door,ai,yes,103,yes,APPT-5016
CALL-0030,2026-06-03T09:40,Electrical,ai,no,274,no,
CALL-0031,2026-05-19T17:10,Electrical,ai,no,357,yes,APPT-5017
CALL-0032,2026-06-02T15:49,Roofing,ai,no,162,no,
CALL-0033,2026-06-23T13:06,Garage Door,ai,no,365,yes,APPT-5018
CALL-0034,2026-06-07T09:11,Garage Door,ai,yes,175,no,
CALL-0035,2026-05-31T21:35,HVAC,ai,yes,146,yes,APPT-5019
CALL-0036,2026-06-11T08:52,HVAC,human,no,115,no,
CALL-0037,2026-06-05T07:33,Garage Door,ai,yes,472,yes,APPT-5020
CALL-0038,2026-05-11T00:38,Roofing,ai,yes,127,yes,APPT-5021
CALL-0039,2026-05-08T09:59,Garage Door,ai,no,410,no,
CALL-0040,2026-05-13T12:13,Electrical,ai,no,427,no,
CALL-0041,2026-06-20T13:46,Garage Door,ai,yes,50,yes,APPT-5022
CALL-0042,2026-06-03T00:58,Plumbing,ai,yes,390,no,
CALL-0043,2026-05-09T16:04,Plumbing,ai,yes,446,no,
CALL-0044,2026-05-20T08:20,HVAC,human,no,252,yes,APPT-5023
CALL-0045,2026-06-20T12:07,HVAC,ai,yes,186,no,
CALL-0046,2026-05-27T11:30,HVAC,ai,no,352,no,
CALL-0047,2026-06-08T11:24,Plumbing,human,no,467,no,
CALL-0048,2026-05-07T16:00,Plumbing,ai,no,440,no,
CALL-0049,2026-06-27T14:55,Roofing,ai,yes,175,yes,APPT-5024
CALL-0050,2026-06-26T08:49,Garage Door,ai,no,427,no,
CALL-0051,2026-06-02T10:16,Garage Door,ai,no,216,yes,APPT-5025
CALL-0052,2026-05-16T20:55,Plumbing,ai,yes,241,no,
CALL-0053,2026-05-27T18:36,HVAC,ai,yes,70,yes,APPT-5026
CALL-0054,2026-05-09T09:54,Electrical,ai,yes,58,no,
CALL-0055,2026-05-14T15:37,Electrical,ai,no,94,no,
CALL-0056,2026-06-05T17:48,Garage Door,ai,no,414,yes,APPT-5027
CALL-0057,2026-05-29T15:58,Roofing,human,no,343,yes,APPT-5028
CALL-0058,2026-06-28T00:42,Electrical,ai,yes,460,yes,APPT-5029
CALL-0059,2026-05-31T21:20,HVAC,ai,yes,255,yes,APPT-5030
CALL-0060,2026-06-25T19:35,Plumbing,ai,yes,81,yes,APPT-5031
CALL-0061,2026-05-16T13:16,Electrical,human,yes,124,yes,APPT-5032
CALL-0062,2026-05-06T12:05,Plumbing,human,no,453,no,
CALL-0063,2026-05-27T17:40,Electrical,ai,no,107,yes,APPT-5033
CALL-0064,2026-05-30T12:09,HVAC,human,yes,61,yes,APPT-5034
CALL-0065,2026-05-11T13:25,HVAC,ai,no,404,yes,APPT-5035
CALL-0066,2026-06-16T22:41,HVAC,ai,yes,58,no,
CALL-0067,2026-05-11T13:01,Roofing,ai,no,336,no,
CALL-0068,2026-06-06T10:50,Garage Door,ai,yes,51,yes,APPT-5036
CALL-0069,2026-06-24T11:48,Electrical,human,no,125,yes,APPT-5037
CALL-0070,2026-05-28T01:16,Electrical,ai,yes,452,no,
CALL-0071,2026-05-21T15:09,HVAC,human,no,442,yes,APPT-5038
CALL-0072,2026-05-04T17:42,Plumbing,ai,no,423,yes,APPT-5039
CALL-0073,2026-05-09T10:16,Roofing,ai,yes,133,no,
CALL-0074,2026-05-18T08:25,Garage Door,ai,no,362,no,
CALL-0075,2026-06-14T20:21,HVAC,human,yes,271,no,
CALL-0076,2026-05-22T14:09,Roofing,ai,no,241,no,
CALL-0077,2026-05-06T14:05,Roofing,ai,no,269,no,
CALL-0078,2026-05-10T10:26,Electrical,ai,yes,236,no,
CALL-0079,2026-05-05T10:37,Garage Door,ai,no,475,yes,APPT-5040
CALL-0080,2026-06-29T09:22,Garage Door,ai,no,127,no,
CALL-0081,2026-06-27T06:16,HVAC,ai,yes,319,no,
CALL-0082,2026-05-20T15:30,Plumbing,ai,no,463,no,
CALL-0083,2026-05-01T14:32,Electrical,ai,no,393,no,
CALL-0084,2026-05-12T12:25,Electrical,human,no,285,yes,APPT-5041
CALL-0085,2026-06-06T13:16,Garage Door,ai,yes,144,yes,APPT-5042
CALL-0086,2026-05-09T08:14,Garage Door,ai,yes,179,yes,APPT-5043
CALL-0087,2026-05-15T22:16,Garage Door,ai,yes,248,yes,APPT-5044
CALL-0088,2026-05-21T11:44,Garage Door,ai,no,85,no,
CALL-0089,2026-06-09T10:56,Roofing,ai,no,194,yes,APPT-5045
CALL-0090,2026-06-07T15:50,Electrical,ai,yes,197,no,
CALL-0091,2026-06-01T16:08,Electrical,ai,no,65,yes,APPT-5046
CALL-0092,2026-05-29T08:49,Roofing,ai,no,297,yes,APPT-5047
CALL-0093,2026-05-21T08:27,HVAC,human,no,436,yes,APPT-5048
CALL-0094,2026-06-13T15:01,HVAC,ai,yes,298,no,
CALL-0095,2026-05-22T17:16,Electrical,ai,no,103,no,
CALL-0096,2026-05-19T09:20,Roofing,ai,no,373,no,
CALL-0097,2026-06-28T15:34,HVAC,ai,yes,344,no,
CALL-0098,2026-06-15T11:53,Electrical,human,no,54,yes,APPT-5049
CALL-0099,2026-05-19T14:38,Roofing,ai,no,331,no,
CALL-0100,2026-06-27T10:50,Roofing,ai,yes,105,yes,APPT-5050
CALL-0101,2026-06-16T13:32,Roofing,ai,no,383,yes,APPT-5051
CALL-0102,2026-06-02T11:46,Roofing,ai,no,92,yes,APPT-5052
CALL-0103,2026-06-18T23:17,Electrical,ai,yes,456,no,
CALL-0104,2026-05-02T20:21,Garage Door,ai,yes,409,no,
CALL-0105,2026-05-01T10:59,HVAC,ai,no,293,yes,APPT-5053
CALL-0106,2026-05-05T09:29,Electrical,ai,no,443,yes,APPT-5054
CALL-0107,2026-05-15T06:11,HVAC,ai,yes,88,yes,APPT-5055
CALL-0108,2026-05-14T12:37,Garage Door,human,no,144,no,
CALL-0109,2026-05-02T13:19,Plumbing,human,yes,282,no,
CALL-0110,2026-05-11T20:50,HVAC,ai,yes,468,yes,APPT-5056
CALL-0111,2026-05-30T07:29,Electrical,ai,yes,298,yes,APPT-5057
CALL-0112,2026-05-04T09:49,Electrical,ai,no,335,yes,APPT-5058
CALL-0113,2026-05-28T07:52,Electrical,human,yes,114,yes,APPT-5059
CALL-0114,2026-05-15T09:29,Garage Door,human,no,118,no,
CALL-0115,2026-05-27T14:30,Electrical,ai,no,476,yes,APPT-5060
CALL-0116,2026-05-19T11:17,Roofing,ai,no,426,no,
CALL-0117,2026-06-14T01:05,Garage Door,ai,yes,213,yes,APPT-5061
CALL-0118,2026-06-12T10:51,Electrical,ai,no,396,no,
CALL-0119,2026-05-14T17:16,Garage Door,ai,no,297,no,
CALL-0120,2026-05-16T17:26,Roofing,ai,yes,174,no,
CALL-0121,2026-06-28T17:42,Electrical,human,yes,71,yes,APPT-5062
CALL-0122,2026-06-21T00:38,Plumbing,ai,yes,72,yes,APPT-5063
CALL-0123,2026-06-14T09:01,Plumbing,ai,yes,278,yes,APPT-5064
CALL-0124,2026-05-08T14:18,Garage Door,human,no,180,yes,APPT-5065
CALL-0125,2026-05-04T13:03,HVAC,ai,no,287,no,
CALL-0126,2026-05-15T17:14,Roofing,ai,no,324,no,
CALL-0127,2026-05-11T11:26,Electrical,ai,no,308,no,
CALL-0128,2026-05-24T17:19,Garage Door,ai,yes,245,no,
CALL-0129,2026-05-15T13:45,Electrical,ai,no,417,yes,APPT-5066
CALL-0130,2026-05-31T12:15,Roofing,ai,yes,58,no,
CALL-0131,2026-05-07T09:05,Garage Door,ai,no,472,yes,APPT-5067
CALL-0132,2026-06-06T11:14,Garage Door,ai,yes,91,no,
CALL-0133,2026-06-26T16:14,Roofing,ai,no,355,no,
CALL-0134,2026-06-25T13:12,HVAC,ai,no,265,no,
CALL-0135,2026-06-12T08:18,Garage Door,ai,no,86,no,
CALL-0136,2026-06-07T07:10,Plumbing,ai,yes,238,no,
CALL-0137,2026-05-27T17:59,HVAC,ai,no,233,yes,APPT-5068
CALL-0138,2026-06-11T20:17,Garage Door,ai,yes,473,no,
CALL-0139,2026-06-29T16:53,Garage Door,ai,no,365,no,
CALL-0140,2026-05-30T16:08,Roofing,ai,yes,346,no,
CALL-0141,2026-05-03T10:05,Garage Door,ai,yes,286,no,
CALL-0142,2026-05-11T16:22,Garage Door,ai,no,348,yes,APPT-5069
CALL-0143,2026-06-08T12:36,Electrical,ai,no,111,no,
CALL-0144,2026-05-09T15:26,HVAC,ai,yes,149,yes,APPT-5070
CALL-0145,2026-06-27T08:54,Plumbing,ai,yes,470,no,
CALL-0146,2026-05-29T07:26,HVAC,ai,yes,277,yes,APPT-5071
CALL-0147,2026-06-25T16:40,HVAC,human,no,50,no,
CALL-0148,2026-05-06T14:55,Plumbing,ai,no,339,no,
CALL-0149,2026-06-27T12:58,HVAC,ai,yes,271,yes,APPT-5072
CALL-0150,2026-06-03T18:33,Garage Door,ai,yes,238,no,
CALL-0151,2026-05-13T10:58,Garage Door,ai,no,460,no,
CALL-0152,2026-06-17T15:17,Roofing,ai,no,287,no,
CALL-0153,2026-05-15T12:33,Electrical,ai,no,206,no,
CALL-0154,2026-06-14T12:00,Roofing,ai,yes,472,no,
CALL-0155,2026-06-25T07:33,Electrical,ai,yes,259,yes,APPT-5073
CALL-0156,2026-05-02T12:43,Garage Door,ai,yes,403,no,
CALL-0157,2026-05-27T07:16,Garage Door,human,yes,170,no,
CALL-0158,2026-06-29T07:29,Plumbing,ai,yes,435,yes,APPT-5074
CALL-0159,2026-05-28T09:07,Plumbing,ai,no,153,no,
CALL-0160,2026-05-03T01:05,Garage Door,ai,yes,467,no,
CALL-0161,2026-05-12T22:01,Roofing,ai,yes,238,no,
CALL-0162,2026-05-05T21:32,Plumbing,ai,yes,428,no,
CALL-0163,2026-05-10T07:46,HVAC,ai,yes,164,yes,APPT-5075
CALL-0164,2026-06-07T12:53,Roofing,ai,yes,237,yes,APPT-5076
CALL-0165,2026-05-28T13:58,HVAC,ai,no,350,no,
CALL-0166,2026-06-05T19:11,Garage Door,human,yes,396,no,
CALL-0167,2026-05-23T09:16,Electrical,human,yes,90,yes,APPT-5077
CALL-0168,2026-06-28T03:29,Garage Door,ai,yes,313,yes,APPT-5078
CALL-0169,2026-06-01T17:15,Garage Door,ai,no,336,no,
CALL-0170,2026-06-16T17:21,Roofing,ai,no,300,yes,APPT-5079
CALL-0171,2026-06-20T15:28,Electrical,ai,yes,224,yes,APPT-5080
CALL-0172,2026-05-21T12:52,Roofing,ai,no,227,no,
CALL-0173,2026-06-09T09:54,Garage Door,ai,no,134,no,
CALL-0174,2026-06-22T13:00,Plumbing,ai,no,173,yes,APPT-5081
CALL-0175,2026-06-14T13:24,HVAC,human,yes,470,yes,APPT-5082
CALL-0176,2026-06-05T20:19,Plumbing,ai,yes,226,yes,APPT-5083
CALL-0177,2026-06-04T09:08,Electrical,ai,no,114,no,
CALL-0178,2026-06-15T11:07,Garage Door,ai,no,297,no,
CALL-0179,2026-05-20T15:06,Electrical,ai,no,212,no,
CALL-0180,2026-05-29T09:25,Roofing,ai,no,323,yes,APPT-5084
CALL-0181,2026-05-27T20:46,Electrical,ai,yes,173,yes,APPT-5085
CALL-0182,2026-06-24T18:52,HVAC,ai,yes,415,yes,APPT-5086
CALL-0183,2026-06-01T12:22,Garage Door,ai,no,317,no,
CALL-0184,2026-06-22T15:37,Plumbing,ai,no,336,no,
CALL-0185,2026-06-28T21:19,HVAC,ai,yes,189,yes,APPT-5087
CALL-0186,2026-06-08T20:28,Garage Door,ai,yes,431,yes,APPT-5088
CALL-0187,2026-05-01T21:38,HVAC,ai,yes,280,yes,APPT-5089
CALL-0188,2026-06-05T11:44,Electrical,ai,no,249,no,
CALL-0189,2026-05-13T14:41,Roofing,ai,no,454,yes,APPT-5090
CALL-0190,2026-05-13T09:47,Garage Door,human,no,359,no,
CALL-0191,2026-05-28T09:23,HVAC,ai,no,417,no,
CALL-0192,2026-05-25T16:40,Roofing,ai,no,161,no,
CALL-0193,2026-05-26T14:29,Plumbing,ai,no,136,yes,APPT-5091
CALL-0194,2026-06-06T05:06,HVAC,ai,yes,128,no,
CALL-0195,2026-05-01T09:17,HVAC,ai,no,378,yes,APPT-5092
CALL-0196,2026-05-02T11:54,Garage Door,human,yes,60,no,
CALL-0197,2026-05-21T11:06,Garage Door,ai,no,322,no,
CALL-0198,2026-06-06T08:31,Roofing,ai,yes,280,yes,APPT-5093
CALL-0199,2026-05-10T15:16,Electrical,ai,yes,382,no,
CALL-0200,2026-06-24T11:08,HVAC,ai,no,306,no,
CALL-0201,2026-05-24T10:50,Roofing,ai,yes,94,yes,APPT-5094
CALL-0202,2026-06-07T15:10,Garage Door,human,yes,369,yes,APPT-5095
CALL-0203,2026-05-14T18:31,HVAC,ai,yes,309,no,
CALL-0204,2026-05-18T13:34,Garage Door,human,no,59,yes,APPT-5096
CALL-0205,2026-06-01T17:08,Garage Door,ai,no,211,yes,APPT-5097
CALL-0206,2026-05-01T03:31,Garage Door,ai,yes,339,no,
CALL-0207,2026-06-22T10:14,Garage Door,ai,no,345,yes,APPT-5098
CALL-0208,2026-05-13T08:36,Electrical,ai,no,423,yes,APPT-5099
CALL-0209,2026-06-24T14:31,Roofing,ai,no,321,no,
CALL-0210,2026-05-26T07:02,Plumbing,human,yes,389,yes,APPT-5100
CALL-0211,2026-06-04T12:32,Roofing,human,no,267,no,
CALL-0212,2026-05-23T03:25,Electrical,ai,yes,248,no,
CALL-0213,2026-05-26T14:57,Garage Door,ai,no,320,no,
CALL-0214,2026-06-09T04:42,Plumbing,ai,yes,296,no,
CALL-0215,2026-06-25T14:31,Plumbing,ai,no,297,no,
CALL-0216,2026-05-05T16:30,Garage Door,ai,no,92,yes,APPT-5101
CALL-0217,2026-05-17T12:34,Garage Door,ai,yes,253,no,
CALL-0218,2026-05-16T10:08,Plumbing,ai,yes,350,no,
CALL-0219,2026-05-24T17:58,HVAC,ai,yes,99,no,
CALL-0220,2026-05-27T08:49,Garage Door,ai,no,444,yes,APPT-5102
CALL-0221,2026-05-16T14:37,Electrical,ai,yes,249,yes,APPT-5103
CALL-0222,2026-06-27T09:14,Garage Door,human,yes,233,no,
CALL-0223,2026-05-07T13:31,HVAC,ai,no,462,yes,APPT-5104
CALL-0224,2026-05-04T10:14,Electrical,human,no,322,no,
CALL-0225,2026-06-05T14:57,HVAC,ai,no,145,yes,APPT-5105
CALL-0226,2026-06-29T12:41,Plumbing,ai,no,243,no,
CALL-0227,2026-06-21T05:59,Garage Door,ai,yes,89,no,
CALL-0228,2026-06-07T17:47,Roofing,ai,yes,352,no,
CALL-0229,2026-06-01T10:10,Electrical,ai,no,109,no,
CALL-0230,2026-06-13T15:07,Garage Door,ai,yes,442,no,
CALL-0231,2026-05-31T14:48,HVAC,ai,yes,271,no,
CALL-0232,2026-05-19T09:34,Garage Door,ai,no,461,yes,APPT-5106
CALL-0233,2026-06-12T15:33,Roofing,ai,no,294,yes,APPT-5107
CALL-0234,2026-06-23T10:34,Plumbing,ai,no,259,no,
CALL-0235,2026-06-29T21:20,Electrical,ai,yes,197,no,
CALL-0236,2026-05-20T11:29,Electrical,ai,no,474,no,
CALL-0237,2026-06-14T13:08,Roofing,ai,yes,191,yes,APPT-5108
CALL-0238,2026-06-04T13:16,HVAC,ai,no,308,no,
CALL-0239,2026-05-11T16:09,HVAC,ai,no,158,no,
CALL-0240,2026-05-15T15:56,Roofing,ai,no,297,yes,APPT-5109
CALL-0241,2026-06-08T10:09,Electrical,ai,no,278,no,
CALL-0242,2026-06-15T04:50,Garage Door,ai,yes,123,yes,APPT-5110
CALL-0243,2026-06-02T15:16,Electrical,ai,no,274,no,
CALL-0244,2026-06-29T09:49,Roofing,ai,no,314,yes,APPT-5111
CALL-0245,2026-05-17T15:05,HVAC,ai,yes,236,yes,APPT-5112
CALL-0246,2026-06-11T08:09,HVAC,ai,no,411,yes,APPT-5113
CALL-0247,2026-06-07T16:13,Garage Door,human,yes,464,yes,APPT-5114
CALL-0248,2026-06-12T09:38,HVAC,ai,no,451,yes,APPT-5115
CALL-0249,2026-06-28T13:00,Electrical,ai,yes,109,yes,APPT-5116
CALL-0250,2026-05-14T11:54,Electrical,ai,no,286,yes,APPT-5117
CALL-0251,2026-06-27T07:56,Electrical,ai,yes,306,yes,APPT-5118
CALL-0252,2026-05-10T10:20,Garage Door,ai,yes,170,no,
CALL-0253,2026-05-22T21:10,Electrical,ai,yes,234,no,
CALL-0254,2026-06-17T11:54,Garage Door,ai,no,480,no,
CALL-0255,2026-05-12T09:25,Electrical,ai,no,471,yes,APPT-5119
CALL-0256,2026-05-22T13:27,Plumbing,ai,no,86,yes,APPT-5120
CALL-0257,2026-05-16T15:54,Plumbing,human,yes,65,no,
CALL-0258,2026-06-27T11:25,HVAC,ai,yes,308,yes,APPT-5121
CALL-0259,2026-06-10T16:51,Garage Door,ai,no,105,no,
CALL-0260,2026-06-05T10:10,Garage Door,ai,no,167,no,
CALL-0261,2026-05-26T08:33,Roofing,human,no,443,yes,APPT-5122
CALL-0262,2026-06-19T18:00,Garage Door,ai,yes,173,no,
CALL-0263,2026-05-13T14:11,Electrical,ai,no,82,yes,APPT-5123
CALL-0264,2026-05-04T17:25,Garage Door,human,no,216,no,
CALL-0265,2026-06-10T09:34,HVAC,ai,no,337,yes,APPT-5124
CALL-0266,2026-06-19T16:11,Electrical,ai,no,143,no,
CALL-0267,2026-06-05T10:00,HVAC,ai,no,82,no,
CALL-0268,2026-05-04T15:30,Garage Door,ai,no,277,yes,APPT-5125
CALL-0269,2026-05-27T11:46,Roofing,ai,no,225,yes,APPT-5126
CALL-0270,2026-06-17T12:51,Garage Door,ai,no,433,no,
CALL-0271,2026-05-17T09:01,Plumbing,ai,yes,273,no,
CALL-0272,2026-05-02T19:05,Roofing,ai,yes,58,no,
CALL-0273,2026-06-08T18:46,Electrical,ai,yes,73,no,
CALL-0274,2026-06-19T10:31,Plumbing,ai,no,468,no,
CALL-0275,2026-06-17T15:50,Garage Door,ai,no,439,no,
CALL-0276,2026-05-19T16:49,Plumbing,ai,no,457,yes,APPT-5127
CALL-0277,2026-06-28T17:47,Roofing,ai,yes,452,no,
CALL-0278,2026-06-07T09:54,Plumbing,ai,yes,52,yes,APPT-5128
CALL-0279,2026-06-17T09:47,Electrical,ai,no,341,yes,APPT-5129
CALL-0280,2026-06-27T20:51,HVAC,ai,yes,53,yes,APPT-5130
CALL-0281,2026-05-20T17:42,HVAC,ai,no,99,no,
CALL-0282,2026-06-05T16:33,Roofing,human,no,429,yes,APPT-5131
CALL-0283,2026-06-12T12:59,Electrical,ai,no,438,no,
CALL-0284,2026-06-04T18:24,Electrical,ai,yes,409,yes,APPT-5132
CALL-0285,2026-05-31T16:30,Garage Door,ai,yes,418,no,
CALL-0286,2026-05-07T10:28,Roofing,human,no,87,no,
CALL-0287,2026-05-14T14:00,Roofing,ai,no,403,yes,APPT-5133
CALL-0288,2026-06-11T08:46,Plumbing,ai,no,120,yes,APPT-5134
CALL-0289,2026-06-01T16:31,Plumbing,ai,no,49,yes,APPT-5135
CALL-0290,2026-06-18T10:16,HVAC,ai,no,262,no,
CALL-0291,2026-05-12T18:38,Roofing,ai,yes,311,yes,APPT-5136
CALL-0292,2026-06-24T14:42,Roofing,ai,no,243,no,
CALL-0293,2026-05-21T11:08,Plumbing,ai,no,310,no,
CALL-0294,2026-06-08T07:44,Electrical,ai,yes,421,yes,APPT-5137
CALL-0295,2026-05-10T09:46,Roofing,ai,yes,288,yes,APPT-5138
CALL-0296,2026-06-03T12:44,Roofing,ai,no,387,yes,APPT-5139
CALL-0297,2026-06-28T13:05,Roofing,ai,yes,366,yes,APPT-5140
CALL-0298,2026-05-23T11:36,HVAC,ai,yes,169,yes,APPT-5141
CALL-0299,2026-05-26T10:06,Garage Door,ai,no,472,yes,APPT-5142
CALL-0300,2026-06-29T14:01,Electrical,ai,no,327,no,
CALL-0301,2026-05-02T14:53,HVAC,ai,yes,300,yes,APPT-5143
CALL-0302,2026-05-24T16:11,Plumbing,ai,yes,323,no,
CALL-0303,2026-05-15T13:54,Roofing,human,no,150,yes,APPT-5144
CALL-0304,2026-06-22T11:54,Plumbing,ai,no,192,no,
CALL-0305,2026-05-28T10:47,Plumbing,human,no,320,no,
CALL-0306,2026-05-23T15:26,Roofing,ai,yes,211,no,
CALL-0307,2026-06-26T07:09,Electrical,ai,yes,468,no,
CALL-0308,2026-05-04T09:11,Plumbing,human,no,196,yes,APPT-5145
CALL-0309,2026-06-27T13:41,HVAC,ai,yes,307,no,
CALL-0310,2026-06-23T14:41,Garage Door,ai,no,120,yes,APPT-5146
CALL-0311,2026-06-22T12:21,Garage Door,ai,no,475,no,
CALL-0312,2026-05-01T18:26,Electrical,ai,yes,111,no,
CALL-0313,2026-05-24T14:23,Roofing,ai,yes,132,yes,APPT-5147
CALL-0314,2026-05-19T09:17,Plumbing,ai,no,143,yes,APPT-5148
CALL-0315,2026-05-22T10:54,Roofing,ai,no,189,yes,APPT-5149
CALL-0316,2026-05-08T10:12,Garage Door,ai,no,416,yes,APPT-5150
CALL-0317,2026-05-15T10:41,HVAC,ai,no,433,no,
CALL-0318,2026-06-14T20:22,Garage Door,ai,yes,230,no,
CALL-0319,2026-06-14T09:58,Roofing,ai,yes,375,yes,APPT-5151
CALL-0320,2026-05-02T09:22,HVAC,ai,yes,156,no,
CALL-0321,2026-05-14T13:08,Garage Door,ai,no,250,no,
CALL-0322,2026-05-26T14:36,HVAC,ai,no,71,yes,APPT-5152
CALL-0323,2026-06-21T14:27,Plumbing,ai,yes,478,no,
CALL-0324,2026-06-07T14:51,Roofing,ai,yes,314,no,
CALL-0325,2026-05-19T08:47,HVAC,ai,no,146,no,
CALL-0326,2026-05-31T17:38,HVAC,ai,yes,474,yes,APPT-5153
CALL-0327,2026-06-20T10:12,Plumbing,ai,yes,167,no,
CALL-0328,2026-05-06T13:52,Plumbing,ai,no,57,yes,APPT-5154
CALL-0329,2026-06-28T13:21,Garage Door,ai,yes,265,no,
CALL-0330,2026-05-10T14:49,Garage Door,ai,yes,260,no,
CALL-0331,2026-06-15T12:58,Plumbing,ai,no,241,yes,APPT-5155
CALL-0332,2026-05-01T10:27,HVAC,ai,no,360,no,
CALL-0333,2026-05-28T14:39,Roofing,ai,no,336,yes,APPT-5156
CALL-0334,2026-06-13T11:03,Garage Door,human,yes,220,no,
CALL-0335,2026-05-10T08:46,Garage Door,ai,yes,304,no,
CALL-0336,2026-06-19T12:00,Garage Door,ai,no,121,no,
CALL-0337,2026-06-12T10:59,Roofing,ai,no,187,yes,APPT-5157
CALL-0338,2026-05-27T15:18,Electrical,ai,no,92,no,
CALL-0339,2026-06-04T13:26,Roofing,ai,no,276,no,
CALL-0340,2026-05-13T07:40,Plumbing,human,yes,196,no,
CALL-0341,2026-06-19T08:03,Garage Door,ai,no,306,yes,APPT-5158
CALL-0342,2026-05-27T15:44,Plumbing,ai,no,434,yes,APPT-5159
CALL-0343,2026-06-04T09:44,Garage Door,human,no,188,yes,APPT-5160
CALL-0344,2026-05-20T10:01,HVAC,human,no,468,yes,APPT-5161
CALL-0345,2026-05-09T11:05,Garage Door,ai,yes,288,no,
CALL-0346,2026-06-15T07:14,Electrical,human,yes,56,no,
CALL-0347,2026-06-25T16:22,Roofing,ai,no,82,no,
CALL-0348,2026-06-27T09:05,Roofing,ai,yes,112,no,
CALL-0349,2026-05-21T11:25,Plumbing,ai,no,288,no,
CALL-0350,2026-05-19T12:55,HVAC,ai,no,308,yes,APPT-5162
CALL-0351,2026-06-08T14:13,Plumbing,ai,no,411,yes,APPT-5163
CALL-0352,2026-05-02T07:34,Plumbing,ai,yes,72,no,
CALL-0353,2026-05-01T09:41,HVAC,ai,no,394,no,
CALL-0354,2026-05-24T16:47,Roofing,ai,yes,303,yes,APPT-5164
CALL-0355,2026-06-25T06:53,Electrical,ai,yes,166,no,
CALL-0356,2026-05-13T09:17,Electrical,ai,no,356,yes,APPT-5165
CALL-0357,2026-06-06T12:32,Electrical,ai,yes,191,no,
CALL-0358,2026-06-12T14:47,Garage Door,ai,no,381,no,
CALL-0359,2026-06-29T22:38,Electrical,ai,yes,388,no,
CALL-0360,2026-06-23T08:47,Electrical,ai,no,335,yes,APPT-5166
CALL-0361,2026-06-17T13:50,Plumbing,ai,no,214,no,
CALL-0362,2026-06-02T18:51,Electrical,ai,yes,187,yes,APPT-5167
CALL-0363,2026-05-03T13:31,Electrical,ai,yes,253,no,
CALL-0364,2026-05-07T11:47,Roofing,ai,no,437,yes,APPT-5168
CALL-0365,2026-05-28T08:08,Electrical,ai,no,58,yes,APPT-5169
CALL-0366,2026-05-25T09:53,Plumbing,ai,no,72,no,
CALL-0367,2026-05-02T17:19,HVAC,ai,yes,307,yes,APPT-5170
CALL-0368,2026-06-18T16:51,Garage Door,ai,no,104,yes,APPT-5171
CALL-0369,2026-05-18T10:18,Roofing,ai,no,80,yes,APPT-5172
CALL-0370,2026-06-26T21:48,HVAC,ai,yes,396,no,
CALL-0371,2026-05-16T12:55,Garage Door,ai,yes,74,yes,APPT-5173
CALL-0372,2026-05-01T16:56,Electrical,ai,no,65,no,
CALL-0373,2026-05-31T15:47,HVAC,ai,yes,70,no,
CALL-0374,2026-06-29T12:27,Electrical,ai,no,419,no,
CALL-0375,2026-05-20T11:17,HVAC,ai,no,374,no,
CALL-0376,2026-05-12T13:17,Roofing,ai,no,98,yes,APPT-5174
CALL-0377,2026-05-27T13:43,Electrical,ai,no,403,yes,APPT-5175
CALL-0378,2026-05-30T11:27,Electrical,human,yes,374,no,
CALL-0379,2026-06-03T02:16,Electrical,ai,yes,354,no,
CALL-0380,2026-05-01T16:46,Electrical,ai,no,138,no,
CALL-0381,2026-05-10T12:15,Electrical,ai,yes,277,yes,APPT-5176
CALL-0382,2026-06-23T19:54,Roofing,ai,yes,248,no,
CALL-0383,2026-06-09T11:00,Garage Door,ai,no,427,yes,APPT-5177
CALL-0384,2026-06-07T09:57,Garage Door,human,yes,447,yes,APPT-5178
CALL-0385,2026-05-28T12:36,Electrical,ai,no,340,no,
CALL-0386,2026-05-29T08:22,HVAC,ai,no,140,no,
CALL-0387,2026-06-11T08:25,Electrical,ai,no,215,no,
CALL-0388,2026-06-08T07:20,Electrical,ai,yes,154,no,
CALL-0389,2026-05-19T12:41,Garage Door,ai,no,304,no,
CALL-0390,2026-05-11T18:30,Plumbing,human,yes,281,yes,APPT-5179
CALL-0391,2026-05-08T16:56,Garage Door,human,no,315,no,
CALL-0392,2026-05-30T02:44,HVAC,ai,yes,177,no,
CALL-0393,2026-05-17T12:30,Plumbing,human,yes,349,yes,APPT-5180
CALL-0394,2026-06-02T14:00,Garage Door,ai,no,49,no,
CALL-0395,2026-06-29T13:16,Roofing,ai,no,285,no,
CALL-0396,2026-06-28T21:31,Plumbing,ai,yes,456,no,
CALL-0397,2026-06-15T09:22,Electrical,ai,no,99,no,
CALL-0398,2026-05-31T08:27,HVAC,ai,yes,109,no,
CALL-0399,2026-05-27T11:13,Plumbing,ai,no,48,no,
CALL-0400,2026-06-07T08:05,Roofing,ai,yes,479,yes,APPT-5181
CALL-0401,2026-06-29T08:46,Roofing,human,no,84,no,
CALL-0402,2026-05-29T09:23,Roofing,ai,no,247,no,
CALL-0403,2026-05-01T11:12,Garage Door,ai,no,394,no,
CALL-0404,2026-06-02T18:13,Electrical,human,yes,435,no,
CALL-0405,2026-06-22T16:21,Garage Door,ai,no,281,no,
CALL-0406,2026-06-07T17:55,Garage Door,ai,yes,349,no,
CALL-0407,2026-06-01T14:52,Plumbing,ai,no,265,no,
CALL-0408,2026-06-05T16:43,Electrical,ai,no,404,no,
CALL-0409,2026-05-07T17:18,Electrical,human,no,250,yes,APPT-5182
CALL-0410,2026-06-08T05:34,Roofing,human,yes,205,yes,APPT-5183
CALL-0411,2026-05-15T10:26,HVAC,ai,no,466,no,
CALL-0412,2026-05-07T01:36,Electrical,ai,yes,218,yes,APPT-5184
CALL-0413,2026-05-02T17:22,Plumbing,ai,yes,467,yes,APPT-5185
CALL-0414,2026-05-29T08:05,Garage Door,ai,no,336,no,
CALL-0415,2026-06-14T12:13,Electrical,human,yes,314,no,
CALL-0416,2026-05-30T09:02,Plumbing,ai,yes,176,no,
CALL-0417,2026-06-25T08:02,HVAC,ai,no,352,no,
CALL-0418,2026-06-08T13:55,Electrical,human,no,123,no,
CALL-0419,2026-06-05T14:52,Garage Door,ai,no,382,no,
CALL-0420,2026-06-25T15:51,Electrical,ai,no,326,no,
CALL-0421,2026-05-30T16:46,Electrical,ai,yes,298,yes,APPT-5186
CALL-0422,2026-06-19T14:15,Roofing,ai,no,121,yes,APPT-5187
CALL-0423,2026-05-11T19:53,Roofing,ai,yes,322,no,
CALL-0424,2026-06-17T09:19,Garage Door,ai,no,210,yes,APPT-5188
CALL-0425,2026-05-13T10:09,Electrical,ai,no,415,yes,APPT-5189
CALL-0426,2026-05-27T08:51,Garage Door,ai,no,421,no,
CALL-0427,2026-06-03T11:38,Garage Door,ai,no,79,yes,APPT-5190
CALL-0428,2026-06-18T10:22,Electrical,ai,no,211,yes,APPT-5191
CALL-0429,2026-06-10T12:14,Garage Door,ai,no,383,no,
CALL-0430,2026-05-20T17:55,HVAC,ai,no,130,yes,APPT-5192
CALL-0431,2026-06-20T10:39,Roofing,ai,yes,369,no,
CALL-0432,2026-06-01T13:57,HVAC,ai,no,346,no,
CALL-0433,2026-05-06T21:39,Roofing,ai,yes,200,no,
CALL-0434,2026-05-11T11:46,HVAC,ai,no,463,yes,APPT-5193
CALL-0435,2026-05-19T12:05,Roofing,ai,no,457,yes,APPT-5194
CALL-0436,2026-06-09T15:39,Garage Door,ai,no,92,yes,APPT-5195
CALL-0437,2026-05-20T13:03,Roofing,ai,no,320,no,
CALL-0438,2026-05-17T14:01,Garage Door,ai,yes,339,no,
CALL-0439,2026-05-24T09:53,Garage Door,ai,yes,61,no,
CALL-0440,2026-05-02T19:22,Garage Door,ai,yes,409,no,
CALL-0441,2026-06-15T05:22,Plumbing,ai,yes,337,no,
CALL-0442,2026-05-19T14:38,HVAC,ai,no,46,yes,APPT-5196
CALL-0443,2026-06-23T14:32,Electrical,ai,no,48,yes,APPT-5197
CALL-0444,2026-05-03T09:12,Garage Door,ai,yes,414,no,
CALL-0445,2026-06-25T17:26,HVAC,ai,no,464,no,
CALL-0446,2026-05-22T11:03,Plumbing,ai,no,87,yes,APPT-5198
CALL-0447,2026-05-31T15:03,HVAC,human,yes,412,yes,APPT-5199
CALL-0448,2026-05-31T14:53,Plumbing,ai,yes,202,yes,APPT-5200
CALL-0449,2026-06-01T19:05,Electrical,ai,yes,379,no,
CALL-0450,2026-06-23T08:53,HVAC,ai,no,330,no,
CALL-0451,2026-05-19T05:59,Electrical,ai,yes,391,no,
CALL-0452,2026-06-28T08:29,Roofing,human,yes,212,yes,APPT-5201
CALL-0453,2026-05-23T15:18,Roofing,ai,yes,140,yes,APPT-5202
CALL-0454,2026-06-14T14:08,Garage Door,ai,yes,97,no,
CALL-0455,2026-06-22T08:13,HVAC,ai,no,99,no,
CALL-0456,2026-05-04T17:46,Garage Door,ai,no,400,yes,APPT-5203
CALL-0457,2026-05-05T10:05,Plumbing,ai,no,260,no,
CALL-0458,2026-05-14T08:42,Plumbing,human,no,451,yes,APPT-5204
CALL-0459,2026-05-03T08:05,Roofing,human,yes,282,no,
CALL-0460,2026-05-30T15:56,Roofing,ai,yes,112,yes,APPT-5205
CALL-0461,2026-06-22T17:49,Plumbing,human,no,49,yes,APPT-5206
CALL-0462,2026-06-04T11:24,Roofing,ai,no,77,yes,APPT-5207
CALL-0463,2026-06-15T17:43,Roofing,ai,no,347,no,
CALL-0464,2026-06-09T09:39,HVAC,ai,no,402,no,
CALL-0465,2026-06-26T15:04,Roofing,ai,no,479,no,
CALL-0466,2026-05-05T17:41,Garage Door,ai,no,154,no,
CALL-0467,2026-05-07T14:04,Plumbing,ai,no,326,no,
CALL-0468,2026-06-26T08:53,Plumbing,human,no,72,no,
CALL-0469,2026-06-28T12:47,Plumbing,ai,yes,397,yes,APPT-5208
CALL-0470,2026-05-05T13:07,Plumbing,ai,no,360,yes,APPT-5209
CALL-0471,2026-05-28T12:33,Roofing,ai,no,433,no,
CALL-0472,2026-05-05T08:12,Roofing,ai,no,71,no,
CALL-0473,2026-06-13T10:26,HVAC,ai,yes,213,no,
CALL-0474,2026-06-22T07:54,Electrical,human,yes,236,no,
CALL-0475,2026-05-22T10:31,HVAC,ai,no,116,yes,APPT-5210
CALL-0476,2026-05-10T18:01,Plumbing,ai,yes,185,no,
CALL-0477,2026-05-18T13:50,HVAC,human,no,58,yes,APPT-5211
CALL-0478,2026-05-21T07:53,Plumbing,ai,yes,429,yes,APPT-5212
CALL-0479,2026-05-03T11:29,Electrical,ai,yes,302,no,
CALL-0480,2026-06-23T17:41,Roofing,ai,no,240,no,
CALL-0481,2026-06-02T13:12,Plumbing,ai,no,128,yes,APPT-5213
CALL-0482,2026-05-17T12:25,HVAC,ai,yes,306,no,
CALL-0483,2026-06-15T14:42,Roofing,ai,no,231,no,
CALL-0484,2026-06-09T13:20,Plumbing,ai,no,230,no,
CALL-0485,2026-05-12T13:35,Roofing,ai,no,425,yes,APPT-5214
CALL-0486,2026-06-11T14:23,HVAC,ai,no,273,no,
CALL-0487,2026-06-23T08:51,Garage Door,human,no,260,no,
CALL-0488,2026-06-17T09:26,HVAC,ai,no,102,no,
CALL-0489,2026-05-25T16:20,Plumbing,ai,no,169,yes,APPT-5215
CALL-0490,2026-06-08T13:28,Electrical,ai,no,159,no,
CALL-0491,2026-06-18T09:02,Roofing,human,no,128,no,
CALL-0492,2026-05-05T09:38,HVAC,ai,no,468,yes,APPT-5216
CALL-0493,2026-06-01T16:13,HVAC,ai,no,480,yes,APPT-5217
CALL-0494,2026-06-11T11:51,Roofing,ai,no,243,yes,APPT-5218
CALL-0495,2026-06-27T15:24,Roofing,ai,yes,104,yes,APPT-5219
CALL-0496,2026-05-31T10:45,Electrical,ai,yes,248,yes,APPT-5220
CALL-0497,2026-05-26T15:00,Roofing,ai,no,65,no,
CALL-0498,2026-06-08T14:12,Garage Door,ai,no,416,yes,APPT-5221
CALL-0499,2026-05-21T12:24,Roofing,ai,no,57,no,
CALL-0500,2026-05-27T16:58,Garage Door,ai,no,98,no,
CALL-0501,2026-05-15T04:39,Garage Door,ai,yes,418,no,
CALL-0502,2026-06-27T13:37,Electrical,ai,yes,219,no,
CALL-0503,2026-05-22T14:27,Plumbing,ai,no,48,no,
CALL-0504,2026-06-05T16:08,Plumbing,ai,no,164,no,
CALL-0505,2026-05-28T15:32,Roofing,ai,no,285,no,
CALL-0506,2026-05-22T08:51,Garage Door,ai,no,117,no,
CALL-0507,2026-05-11T21:59,Electrical,ai,yes,174,yes,APPT-5222
CALL-0508,2026-06-05T18:20,Electrical,ai,yes,328,yes,APPT-5223
CALL-0509,2026-06-17T15:21,HVAC,ai,no,86,no,
CALL-0510,2026-05-15T12:41,Roofing,ai,no,102,no,
CALL-0511,2026-06-24T10:29,Plumbing,ai,no,309,no,
CALL-0512,2026-06-09T01:34,Garage Door,ai,yes,318,no,
CALL-0513,2026-05-30T12:13,Plumbing,human,yes,439,yes,APPT-5224
CALL-0514,2026-05-01T12:08,Plumbing,ai,no,257,yes,APPT-5225
CALL-0515,2026-06-21T21:10,Electrical,ai,yes,159,yes,APPT-5226
CALL-0516,2026-06-14T14:33,Roofing,ai,yes,236,no,
CALL-0517,2026-06-01T11:44,Garage Door,ai,no,322,no,
CALL-0518,2026-06-15T11:38,Electrical,ai,no,134,yes,APPT-5227
CALL-0519,2026-06-20T15:40,Garage Door,ai,yes,117,no,
CALL-0520,2026-05-25T12:30,Garage Door,ai,no,343,yes,APPT-5228
CALL-0521,2026-05-09T13:52,Roofing,ai,yes,255,no,
CALL-0522,2026-05-04T13:59,Plumbing,ai,no,194,no,
CALL-0523,2026-06-05T09:07,Roofing,ai,no,439,yes,APPT-5229
CALL-0524,2026-06-25T16:20,HVAC,ai,no,335,no,
CALL-0525,2026-05-19T17:26,Roofing,ai,no,344,no,
CALL-0526,2026-06-07T08:59,Garage Door,ai,yes,193,yes,APPT-5230
CALL-0527,2026-06-05T11:28,Plumbing,ai,no,438,no,
CALL-0528,2026-05-20T12:22,HVAC,ai,no,366,yes,APPT-5231
CALL-0529,2026-06-12T18:40,Plumbing,ai,yes,384,yes,APPT-5232
CALL-0530,2026-05-18T10:34,HVAC,ai,no,170,yes,APPT-5233
CALL-0531,2026-05-18T01:52,Electrical,ai,yes,69,yes,APPT-5234
CALL-0532,2026-06-11T17:34,Plumbing,ai,no,197,yes,APPT-5235
CALL-0533,2026-06-29T10:52,Garage Door,ai,no,153,yes,APPT-5236
CALL-0534,2026-06-17T17:18,Electrical,ai,no,257,no,
CALL-0535,2026-06-22T11:00,Electrical,ai,no,179,no,
CALL-0536,2026-06-03T21:51,Garage Door,ai,yes,323,yes,APPT-5237
CALL-0537,2026-06-01T16:48,HVAC,ai,no,478,no,
CALL-0538,2026-06-06T21:53,Roofing,ai,yes,193,yes,APPT-5238
CALL-0539,2026-05-29T09:09,HVAC,ai,no,108,yes,APPT-5239
CALL-0540,2026-06-02T14:14,Electrical,ai,no,415,no,
CALL-0541,2026-05-05T12:43,HVAC,human,no,433,yes,APPT-5240
CALL-0542,2026-06-20T09:52,HVAC,ai,yes,362,yes,APPT-5241
CALL-0543,2026-06-11T13:20,Garage Door,ai,no,455,no,
CALL-0544,2026-06-26T07:31,Roofing,ai,yes,413,yes,APPT-5242
CALL-0545,2026-05-22T12:36,Electrical,human,no,60,yes,APPT-5243
CALL-0546,2026-05-03T01:51,Garage Door,human,yes,407,yes,APPT-5244
CALL-0547,2026-06-02T10:10,Electrical,ai,no,300,yes,APPT-5245
CALL-0548,2026-06-17T17:27,Roofing,ai,no,310,yes,APPT-5246
CALL-0549,2026-06-08T12:09,HVAC,ai,no,433,no,
CALL-0550,2026-06-12T20:58,Electrical,ai,yes,347,yes,APPT-5247
CALL-0551,2026-06-05T16:58,Garage Door,ai,no,227,no,
CALL-0552,2026-05-29T10:39,Garage Door,human,no,113,no,
CALL-0553,2026-05-23T08:00,Electrical,ai,yes,415,no,
CALL-0554,2026-06-23T18:10,Plumbing,ai,yes,51,no,
CALL-0555,2026-06-14T10:53,Plumbing,human,yes,57,no,
CALL-0556,2026-06-22T07:12,Roofing,ai,yes,263,no,
CALL-0557,2026-06-19T10:18,Plumbing,ai,no,351,yes,APPT-5248
CALL-0558,2026-06-14T12:07,Garage Door,ai,yes,317,no,
CALL-0559,2026-05-08T13:41,Plumbing,ai,no,126,yes,APPT-5249
CALL-0560,2026-06-20T10:28,Roofing,human,yes,348,yes,APPT-5250
CALL-0561,2026-05-13T18:51,Plumbing,human,yes,245,yes,APPT-5251
CALL-0562,2026-06-21T16:12,Electrical,ai,yes,383,yes,APPT-5252
CALL-0563,2026-06-21T23:46,HVAC,ai,yes,188,no,
CALL-0564,2026-06-29T07:07,Electrical,ai,yes,275,no,
CALL-0565,2026-06-03T08:50,Garage Door,ai,no,131,yes,APPT-5253
CALL-0566,2026-05-23T12:02,Plumbing,ai,yes,276,no,
CALL-0567,2026-05-25T16:16,Roofing,ai,no,235,yes,APPT-5254
CALL-0568,2026-05-29T16:43,Roofing,ai,no,412,no,
CALL-0569,2026-06-14T14:11,Roofing,ai,yes,188,no,
CALL-0570,2026-06-12T14:27,Roofing,ai,no,124,no,
CALL-0571,2026-06-22T08:19,Plumbing,ai,no,381,yes,APPT-5255
CALL-0572,2026-06-28T12:35,Roofing,ai,yes,171,no,
CALL-0573,2026-05-29T10:11,HVAC,ai,no,95,no,
CALL-0574,2026-05-25T10:39,Electrical,ai,no,393,yes,APPT-5256
CALL-0575,2026-06-29T18:15,Electrical,ai,yes,196,yes,APPT-5257
CALL-0576,2026-05-09T09:13,Plumbing,human,yes,162,no,
CALL-0577,2026-05-16T12:40,Roofing,ai,yes,116,no,
CALL-0578,2026-05-21T09:22,HVAC,ai,no,413,no,
CALL-0579,2026-05-29T11:26,Electrical,ai,no,403,no,
CALL-0580,2026-06-10T06:42,Garage Door,human,yes,393,yes,APPT-5258
CALL-0581,2026-05-05T10:09,Plumbing,ai,no,224,yes,APPT-5259
CALL-0582,2026-05-16T15:00,HVAC,ai,yes,443,no,
CALL-0583,2026-06-09T08:06,Electrical,ai,no,251,no,
CALL-0584,2026-06-19T17:40,Electrical,ai,no,108,yes,APPT-5260
CALL-0585,2026-06-23T15:26,HVAC,ai,no,214,no,
CALL-0586,2026-05-01T23:42,Plumbing,ai,yes,124,yes,APPT-5261
CALL-0587,2026-06-14T08:38,Roofing,ai,yes,329,yes,APPT-5262
CALL-0588,2026-06-02T11:36,Roofing,ai,no,425,no,
CALL-0589,2026-05-14T08:03,Roofing,ai,no,194,no,
CALL-0590,2026-06-29T14:18,HVAC,ai,no,370,yes,APPT-5263
CALL-0591,2026-05-30T13:06,Roofing,human,yes,385,no,
CALL-0592,2026-06-12T13:25,Electrical,ai,no,407,yes,APPT-5264
CALL-0593,2026-06-07T15:25,Roofing,ai,yes,245,yes,APPT-5265
CALL-0594,2026-05-27T10:58,Electrical,ai,no,416,no,
CALL-0595,2026-06-26T12:08,Plumbing,ai,no,451,no,
CALL-0596,2026-05-24T14:22,Garage Door,ai,yes,147,yes,APPT-5266
CALL-0597,2026-05-06T16:54,Electrical,ai,no,449,no,
CALL-0598,2026-06-25T12:58,Garage Door,ai,no,453,yes,APPT-5267
CALL-0599,2026-06-14T09:25,HVAC,human,yes,456,no,
CALL-0600,2026-05-28T08:53,HVAC,ai,no,384,yes,APPT-5268
CALL-0601,2026-06-28T09:03,Electrical,human,yes,347,no,
CALL-0602,2026-06-08T11:01,Electrical,ai,no,243,yes,APPT-5269
CALL-0603,2026-06-02T14:53,Roofing,human,no,138,yes,APPT-5270
CALL-0604,2026-05-04T13:44,Garage Door,ai,no,457,no,
CALL-0605,2026-05-22T15:59,Roofing,human,no,171,yes,APPT-5271
CALL-0606,2026-06-27T10:23,Roofing,ai,yes,306,yes,APPT-5272
CALL-0607,2026-06-06T15:24,Garage Door,ai,yes,432,yes,APPT-5273
CALL-0608,2026-06-20T20:46,Electrical,human,yes,434,yes,APPT-5274
CALL-0609,2026-05-02T08:31,HVAC,ai,yes,384,no,
CALL-0610,2026-06-21T07:16,Roofing,ai,yes,162,yes,APPT-5275
CALL-0611,2026-05-29T13:56,HVAC,ai,no,66,no,
CALL-0612,2026-05-26T13:04,Electrical,human,no,429,yes,APPT-5276
CALL-0613,2026-05-01T14:05,HVAC,ai,no,423,yes,APPT-5277
CALL-0614,2026-05-11T12:33,HVAC,human,no,45,no,
CALL-0615,2026-06-21T09:46,HVAC,ai,yes,333,no,
CALL-0616,2026-06-04T10:33,Garage Door,ai,no,164,no,
CALL-0617,2026-05-27T10:50,Roofing,ai,no,131,yes,APPT-5278
CALL-0618,2026-06-15T14:32,HVAC,human,no,210,yes,APPT-5279
CALL-0619,2026-05-29T20:26,Garage Door,ai,yes,247,no,
CALL-0620,2026-05-18T09:46,Roofing,ai,no,72,yes,APPT-5280
CALL-0621,2026-06-01T12:00,Electrical,ai,no,443,no,
CALL-0622,2026-06-24T12:22,HVAC,ai,no,194,yes,APPT-5281
CALL-0623,2026-05-19T11:44,Roofing,ai,no,147,yes,APPT-5282
CALL-0624,2026-05-05T01:56,Roofing,ai,yes,296,no,
CALL-0625,2026-05-23T15:41,Garage Door,ai,yes,275,yes,APPT-5283
CALL-0626,2026-06-01T22:22,HVAC,ai,yes,97,no,
CALL-0627,2026-05-15T15:13,Roofing,ai,no,399,no,
CALL-0628,2026-06-05T08:38,Garage Door,ai,no,201,no,
CALL-0629,2026-06-21T16:56,Plumbing,ai,yes,163,no,
CALL-0630,2026-06-12T15:22,Electrical,ai,no,444,no,
CALL-0631,2026-06-10T14:07,Roofing,ai,no,425,no,
CALL-0632,2026-05-06T00:33,Roofing,ai,yes,249,no,
CALL-0633,2026-05-21T10:57,Electrical,human,no,182,yes,APPT-5284
CALL-0634,2026-06-28T16:02,Electrical,ai,yes,263,yes,APPT-5285
CALL-0635,2026-05-09T22:06,Roofing,ai,yes,264,no,
CALL-0636,2026-05-14T10:46,Roofing,ai,no,115,yes,APPT-5286
CALL-0637,2026-06-14T11:53,Garage Door,ai,yes,337,yes,APPT-5287
CALL-0638,2026-06-09T11:14,Garage Door,ai,no,132,yes,APPT-5288
CALL-0639,2026-05-29T13:54,Plumbing,ai,no,177,no,
CALL-0640,2026-06-11T08:40,Garage Door,ai,no,277,yes,APPT-5289
CALL-0641,2026-05-13T11:28,Roofing,human,no,247,no,
CALL-0642,2026-05-07T07:18,HVAC,ai,yes,259,no,
CALL-0643,2026-05-28T10:40,Roofing,ai,no,162,yes,APPT-5290
CALL-0644,2026-06-04T11:56,Plumbing,ai,no,398,yes,APPT-5291
CALL-0645,2026-06-13T22:55,Roofing,ai,yes,145,no,
CALL-0646,2026-05-12T19:23,Plumbing,ai,yes,406,no,
CALL-0647,2026-06-01T10:49,Roofing,ai,no,311,no,
CALL-0648,2026-05-27T07:27,HVAC,ai,yes,197,yes,APPT-5292
CALL-0649,2026-06-21T18:35,Roofing,ai,yes,142,yes,APPT-5293
CALL-0650,2026-06-22T17:11,Electrical,ai,no,379,yes,APPT-5294
CALL-0651,2026-05-27T13:47,HVAC,ai,no,207,yes,APPT-5295
CALL-0652,2026-05-29T09:52,Garage Door,ai,no,251,no,
CALL-0653,2026-06-11T10:47,Garage Door,ai,no,353,no,
CALL-0654,2026-06-07T14:11,HVAC,ai,yes,102,yes,APPT-5296
CALL-0655,2026-05-04T13:19,Garage Door,ai,no,453,yes,APPT-5297
CALL-0656,2026-06-12T20:32,Garage Door,ai,yes,291,no,
CALL-0657,2026-06-17T11:38,Garage Door,ai,no,110,no,
CALL-0658,2026-05-26T10:19,HVAC,ai,no,355,yes,APPT-5298
CALL-0659,2026-06-20T17:36,HVAC,ai,yes,206,no,
CALL-0660,2026-05-27T06:29,Electrical,ai,yes,85,yes,APPT-5299
CALL-0661,2026-05-23T13:01,Plumbing,ai,yes,125,yes,APPT-5300
CALL-0662,2026-06-07T09:04,Plumbing,ai,yes,74,no,
CALL-0663,2026-06-01T08:49,HVAC,ai,no,476,yes,APPT-5301
CALL-0664,2026-06-21T10:11,Electrical,ai,yes,174,yes,APPT-5302
CALL-0665,2026-06-04T08:49,Electrical,ai,no,288,no,
CALL-0666,2026-06-20T11:39,Plumbing,ai,yes,302,no,
CALL-0667,2026-05-07T17:41,Electrical,ai,no,161,no,
CALL-0668,2026-05-27T00:51,Electrical,ai,yes,450,no,
CALL-0669,2026-05-23T11:00,HVAC,ai,yes,135,yes,APPT-5303
CALL-0670,2026-06-26T08:04,Electrical,ai,no,264,yes,APPT-5304
CALL-0671,2026-06-13T08:48,Plumbing,human,yes,341,no,
CALL-0672,2026-06-11T14:43,Electrical,ai,no,306,no,
CALL-0673,2026-05-16T10:50,Roofing,human,yes,189,no,
CALL-0674,2026-06-21T14:55,Electrical,ai,yes,250,yes,APPT-5305
CALL-0675,2026-06-27T09:51,Electrical,human,yes,456,yes,APPT-5306
CALL-0676,2026-05-03T01:10,Roofing,ai,yes,395,no,
CALL-0677,2026-05-31T16:47,Electrical,ai,yes,121,no,
CALL-0678,2026-05-05T14:48,HVAC,ai,no,436,no,
CALL-0679,2026-05-14T17:05,HVAC,ai,no,272,yes,APPT-5307
CALL-0680,2026-05-05T14:10,HVAC,ai,no,364,yes,APPT-5308
CALL-0681,2026-06-29T14:44,Plumbing,ai,no,375,yes,APPT-5309
CALL-0682,2026-06-26T10:30,Electrical,ai,no,380,no,
CALL-0683,2026-05-09T10:13,Electrical,human,yes,285,yes,APPT-5310
CALL-0684,2026-06-18T14:56,Plumbing,ai,no,245,yes,APPT-5311
CALL-0685,2026-06-11T14:02,Roofing,ai,no,445,no,
CALL-0686,2026-06-23T11:33,HVAC,ai,no,326,no,
CALL-0687,2026-06-22T19:57,Roofing,ai,yes,244,yes,APPT-5312
CALL-0688,2026-06-21T09:06,Electrical,ai,yes,364,yes,APPT-5313
CALL-0689,2026-05-22T10:33,Roofing,ai,no,301,no,
CALL-0690,2026-05-16T13:38,HVAC,ai,yes,61,no,
CALL-0691,2026-05-08T17:51,Electrical,human,no,458,no,
CALL-0692,2026-05-26T17:29,Electrical,ai,no,129,no,
CALL-0693,2026-06-29T10:24,Electrical,ai,no,59,no,
CALL-0694,2026-05-26T14:23,Plumbing,ai,no,268,yes,APPT-5314
CALL-0695,2026-05-20T11:56,Roofing,ai,no,378,yes,APPT-5315
CALL-0696,2026-06-01T15:23,Plumbing,ai,no,285,yes,APPT-5316
CALL-0697,2026-06-25T21:49,HVAC,ai,yes,243,no,
CALL-0698,2026-06-12T02:39,Garage Door,ai,yes,123,no,
CALL-0699,2026-05-12T15:52,Plumbing,ai,no,406,yes,APPT-5317
CALL-0700,2026-05-13T16:21,Plumbing,ai,no,321,yes,APPT-5318
CALL-0701,2026-05-15T08:22,HVAC,ai,no,79,yes,APPT-5319
CALL-0702,2026-06-17T10:17,Plumbing,ai,no,45,no,
CALL-0703,2026-06-26T09:14,Garage Door,ai,no,451,yes,APPT-5320
CALL-0704,2026-05-27T14:35,Electrical,ai,no,109,yes,APPT-5321
CALL-0705,2026-05-09T16:03,HVAC,ai,yes,370,yes,APPT-5322
CALL-0706,2026-06-28T12:10,Plumbing,human,yes,262,no,
CALL-0707,2026-06-25T14:41,Garage Door,human,no,192,no,
CALL-0708,2026-05-20T13:44,HVAC,ai,no,396,yes,APPT-5323
CALL-0709,2026-05-24T12:40,Electrical,ai,yes,392,no,
CALL-0710,2026-06-05T02:21,Roofing,ai,yes,240,no,
CALL-0711,2026-06-28T13:15,Garage Door,ai,yes,328,no,
CALL-0712,2026-05-05T14:55,HVAC,ai,no,65,no,
CALL-0713,2026-05-23T08:16,Roofing,ai,yes,283,yes,APPT-5324
CALL-0714,2026-05-15T22:50,Plumbing,ai,yes,186,yes,APPT-5325
CALL-0715,2026-05-11T14:40,Garage Door,ai,no,306,yes,APPT-5326
CALL-0716,2026-05-12T09:52,Roofing,human,no,263,yes,APPT-5327
CALL-0717,2026-06-02T10:00,HVAC,ai,no,238,yes,APPT-5328
CALL-0718,2026-05-15T16:57,Electrical,ai,no,348,yes,APPT-5329
CALL-0719,2026-05-26T12:21,HVAC,ai,no,399,no,
CALL-0720,2026-05-10T20:34,Roofing,human,yes,432,yes,APPT-5330
CALL-0721,2026-06-29T17:42,Electrical,ai,no,222,no,
CALL-0722,2026-06-01T10:22,Plumbing,ai,no,97,no,
CALL-0723,2026-05-31T12:57,Garage Door,ai,yes,347,no,
CALL-0724,2026-05-29T07:20,HVAC,ai,yes,103,no,
CALL-0725,2026-05-25T09:00,Plumbing,human,no,382,yes,APPT-5331
CALL-0726,2026-06-26T14:02,Plumbing,human,no,380,yes,APPT-5332
CALL-0727,2026-05-16T19:35,Plumbing,ai,yes,466,yes,APPT-5333
CALL-0728,2026-05-15T09:41,Plumbing,ai,no,308,no,
CALL-0729,2026-05-29T01:15,Plumbing,ai,yes,419,no,
CALL-0730,2026-06-03T14:40,HVAC,ai,no,430,no,
CALL-0731,2026-05-02T09:38,HVAC,human,yes,215,yes,APPT-5334
CALL-0732,2026-05-25T09:47,Electrical,ai,no,274,no,
CALL-0733,2026-06-07T07:34,Electrical,ai,yes,412,no,
CALL-0734,2026-06-07T09:23,Garage Door,ai,yes,391,yes,APPT-5335
CALL-0735,2026-06-22T13:55,Roofing,ai,no,214,yes,APPT-5336
CALL-0736,2026-06-29T15:54,Plumbing,ai,no,261,yes,APPT-5337
CALL-0737,2026-06-12T20:12,Plumbing,ai,yes,150,no,
CALL-0738,2026-05-26T16:38,Garage Door,ai,no,60,no,
CALL-0739,2026-05-30T09:18,Roofing,ai,yes,60,yes,APPT-5338
CALL-0740,2026-06-28T07:05,Plumbing,ai,yes,475,yes,APPT-5339
CALL-0741,2026-05-09T08:01,Roofing,ai,yes,441,yes,APPT-5340
CALL-0742,2026-05-30T12:46,Garage Door,ai,yes,308,yes,APPT-5341
CALL-0743,2026-06-16T18:06,Garage Door,human,yes,463,yes,APPT-5342
CALL-0744,2026-05-18T08:07,Electrical,ai,no,163,no,
CALL-0745,2026-06-24T14:03,Roofing,ai,no,457,yes,APPT-5343
CALL-0746,2026-05-13T08:01,Roofing,human,no,325,yes,APPT-5344
CALL-0747,2026-05-26T09:13,Plumbing,ai,no,350,no,
CALL-0748,2026-06-16T22:28,Electrical,ai,yes,246,yes,APPT-5345
CALL-0749,2026-06-23T16:46,Roofing,ai,no,431,yes,APPT-5346
CALL-0750,2026-06-24T17:54,HVAC,human,no,395,yes,APPT-5347
CALL-0751,2026-05-16T11:02,Roofing,human,yes,156,no,
CALL-0752,2026-05-23T17:51,Electrical,ai,yes,216,yes,APPT-5348
CALL-0753,2026-06-18T18:22,HVAC,ai,yes,460,no,
CALL-0754,2026-05-02T13:45,Electrical,ai,yes,150,yes,APPT-5349
CALL-0755,2026-06-07T14:03,Plumbing,ai,yes,412,no,
CALL-0756,2026-05-06T13:55,Roofing,ai,no,57,yes,APPT-5350
CALL-0757,2026-05-03T18:00,HVAC,ai,yes,210,no,
CALL-0758,2026-05-12T11:46,HVAC,ai,no,424,no,
CALL-0759,2026-05-19T17:04,Garage Door,ai,no,173,yes,APPT-5351
CALL-0760,2026-05-11T17:26,Plumbing,ai,no,169,no,
CALL-0761,2026-05-30T13:51,Roofing,ai,yes,143,yes,APPT-5352
CALL-0762,2026-06-28T13:15,Roofing,ai,yes,259,no,
CALL-0763,2026-06-23T08:07,HVAC,ai,no,70,no,
CALL-0764,2026-05-09T16:49,Roofing,ai,yes,255,yes,APPT-5353
CALL-0765,2026-06-19T11:24,Roofing,ai,no,115,no,
CALL-0766,2026-05-27T14:38,Garage Door,human,no,267,yes,APPT-5354
CALL-0767,2026-06-08T20:41,HVAC,human,yes,212,yes,APPT-5355
CALL-0768,2026-05-18T22:56,Roofing,ai,yes,142,yes,APPT-5356
CALL-0769,2026-06-29T13:09,HVAC,ai,no,256,no,
CALL-0770,2026-05-31T13:43,Electrical,ai,yes,283,yes,APPT-5357
CALL-0771,2026-06-14T16:08,HVAC,ai,yes,419,no,
CALL-0772,2026-05-17T08:53,Garage Door,ai,yes,121,yes,APPT-5358
CALL-0773,2026-06-23T10:55,Roofing,ai,no,148,no,
CALL-0774,2026-06-05T16:41,Electrical,ai,no,438,yes,APPT-5359
CALL-0775,2026-06-22T17:05,Electrical,ai,no,269,yes,APPT-5360
CALL-0776,2026-05-23T14:50,Garage Door,ai,yes,254,no,
CALL-0777,2026-06-17T15:14,Garage Door,human,no,104,no,
CALL-0778,2026-06-11T11:10,Roofing,ai,no,119,yes,APPT-5361
CALL-0779,2026-05-12T17:30,Electrical,ai,no,429,no,
CALL-0780,2026-05-29T05:38,Roofing,ai,yes,308,no,
CALL-0781,2026-05-05T13:37,Roofing,ai,no,249,yes,APPT-5362
CALL-0782,2026-06-28T09:54,Roofing,ai,yes,428,no,
CALL-0783,2026-05-17T15:27,Garage Door,ai,yes,100,yes,APPT-5363
CALL-0784,2026-05-09T07:58,Electrical,ai,yes,435,yes,APPT-5364
CALL-0785,2026-06-27T13:29,Plumbing,ai,yes,175,no,
CALL-0786,2026-05-24T11:46,HVAC,ai,yes,429,yes,APPT-5365
CALL-0787,2026-06-29T14:48,HVAC,ai,no,205,yes,APPT-5366
CALL-0788,2026-05-24T12:37,Electrical,ai,yes,105,no,
CALL-0789,2026-05-19T12:02,Plumbing,ai,no,116,yes,APPT-5367
CALL-0790,2026-06-12T12:53,Garage Door,human,no,68,no,
CALL-0791,2026-05-26T13:19,Roofing,ai,no,261,no,
CALL-0792,2026-05-10T09:57,Electrical,ai,yes,204,yes,APPT-5368
CALL-0793,2026-05-17T08:02,HVAC,ai,yes,423,yes,APPT-5369
CALL-0794,2026-05-27T10:23,Plumbing,ai,no,331,no,
CALL-0795,2026-05-24T08:12,Electrical,human,yes,208,no,
CALL-0796,2026-05-01T11:02,Electrical,ai,no,451,no,
CALL-0797,2026-06-02T16:47,Electrical,ai,no,344,no,
CALL-0798,2026-06-12T15:08,HVAC,ai,no,354,yes,APPT-5370
CALL-0799,2026-06-24T01:46,Plumbing,ai,yes,310,no,
CALL-0800,2026-06-01T06:31,Plumbing,ai,yes,359,yes,APPT-5371
CALL-0801,2026-05-30T12:24,Plumbing,ai,yes,238,yes,APPT-5372
CALL-0802,2026-06-27T09:06,HVAC,ai,yes,302,no,
CALL-0803,2026-06-21T17:08,Electrical,human,yes,96,yes,APPT-5373
CALL-0804,2026-05-07T15:38,Electrical,ai,no,385,yes,APPT-5374
CALL-0805,2026-05-18T13:50,Roofing,ai,no,99,no,
CALL-0806,2026-05-25T17:31,Electrical,ai,no,254,no,
CALL-0807,2026-05-19T14:59,Electrical,ai,no,55,no,
CALL-0808,2026-06-08T13:19,Electrical,ai,no,355,no,
CALL-0809,2026-06-29T09:20,Roofing,ai,no,49,no,
CALL-0810,2026-06-20T15:10,Roofing,ai,yes,412,no,
CALL-0811,2026-06-24T18:38,Roofing,ai,yes,297,no,
CALL-0812,2026-05-05T21:22,Plumbing,ai,yes,78,no,
CALL-0813,2026-05-09T15:39,Electrical,ai,yes,83,yes,APPT-5375
CALL-0814,2026-05-07T08:26,Garage Door,ai,no,268,yes,APPT-5376
CALL-0815,2026-06-04T11:31,Plumbing,ai,no,155,yes,APPT-5377
CALL-0816,2026-06-11T14:02,Plumbing,ai,no,153,yes,APPT-5378
CALL-0817,2026-05-12T08:42,Roofing,ai,no,281,no,
CALL-0818,2026-05-09T09:11,Electrical,ai,yes,181,yes,APPT-5379
CALL-0819,2026-06-28T11:27,HVAC,ai,yes,206,no,
CALL-0820,2026-05-07T10:49,Garage Door,ai,no,248,yes,APPT-5380
CALL-0821,2026-05-09T00:37,HVAC,ai,yes,302,no,
CALL-0822,2026-05-30T14:52,Electrical,ai,yes,427,yes,APPT-5381
CALL-0823,2026-06-29T08:24,Plumbing,human,no,206,yes,APPT-5382
CALL-0824,2026-05-21T08:42,HVAC,ai,no,227,no,
CALL-0825,2026-05-31T15:38,Plumbing,ai,yes,84,no,
CALL-0826,2026-06-22T09:44,Roofing,ai,no,194,yes,APPT-5383
CALL-0827,2026-05-11T05:23,Plumbing,ai,yes,115,no,
CALL-0828,2026-05-08T15:48,Plumbing,ai,no,233,yes,APPT-5384
CALL-0829,2026-06-11T12:59,Electrical,ai,no,367,no,
CALL-0830,2026-06-17T13:05,Garage Door,ai,no,269,yes,APPT-5385
CALL-0831,2026-06-23T11:25,Electrical,ai,no,51,no,
CALL-0832,2026-05-01T14:50,Electrical,ai,no,78,yes,APPT-5386
CALL-0833,2026-05-16T08:35,Electrical,ai,yes,177,no,
CALL-0834,2026-05-31T12:27,Electrical,ai,yes,408,yes,APPT-5387
CALL-0835,2026-06-22T10:53,Electrical,ai,no,459,yes,APPT-5388
CALL-0836,2026-05-08T13:12,HVAC,ai,no,266,yes,APPT-5389
CALL-0837,2026-05-08T11:49,Garage Door,ai,no,412,yes,APPT-5390
CALL-0838,2026-06-19T18:54,Electrical,ai,yes,45,no,
CALL-0839,2026-05-28T12:21,Garage Door,ai,no,164,yes,APPT-5391
CALL-0840,2026-05-31T07:37,Garage Door,ai,yes,261,yes,APPT-5392
CALL-0841,2026-06-24T07:50,Plumbing,ai,yes,178,yes,APPT-5393
CALL-0842,2026-05-13T11:03,Electrical,ai,no,69,no,
CALL-0843,2026-06-04T09:36,Roofing,ai,no,58,yes,APPT-5394
CALL-0844,2026-06-14T13:42,Roofing,human,yes,218,yes,APPT-5395
CALL-0845,2026-06-28T12:16,Electrical,human,yes,149,no,
CALL-0846,2026-06-15T10:00,Electrical,ai,no,345,yes,APPT-5396
CALL-0847,2026-05-12T09:25,Roofing,ai,no,414,no,
CALL-0848,2026-06-04T16:50,Roofing,ai,no,164,no,
CALL-0849,2026-05-02T14:14,HVAC,ai,yes,309,yes,APPT-5397
CALL-0850,2026-06-11T16:19,Garage Door,ai,no,259,yes,APPT-5398
CALL-0851,2026-06-08T11:43,Electrical,ai,no,130,no,
CALL-0852,2026-06-28T10:35,HVAC,ai,yes,403,no,
CALL-0853,2026-05-29T18:49,Electrical,ai,yes,289,no,
CALL-0854,2026-05-13T08:00,Garage Door,ai,no,432,no,
CALL-0855,2026-05-01T17:39,HVAC,ai,no,476,no,
CALL-0856,2026-05-31T15:23,Roofing,ai,yes,444,yes,APPT-5399
CALL-0857,2026-05-23T09:29,HVAC,ai,yes,138,no,
CALL-0858,2026-05-30T13:01,Plumbing,ai,yes,117,yes,APPT-5400
CALL-0859,2026-06-27T16:09,Roofing,human,yes,335,no,
CALL-0860,2026-06-19T08:01,Garage Door,ai,no,152,yes,APPT-5401
CALL-0861,2026-05-22T11:11,Roofing,human,no,461,yes,APPT-5402
CALL-0862,2026-05-01T12:29,Plumbing,ai,no,216,no,
CALL-0863,2026-06-27T08:51,Electrical,ai,yes,351,no,
CALL-0864,2026-06-04T09:38,HVAC,human,no,414,yes,APPT-5403
CALL-0865,2026-05-05T17:56,HVAC,ai,no,156,no,
CALL-0866,2026-06-13T09:29,HVAC,human,yes,311,yes,APPT-5404
CALL-0867,2026-05-24T08:53,HVAC,ai,yes,108,yes,APPT-5405
CALL-0868,2026-06-16T14:05,Garage Door,human,no,73,no,
CALL-0869,2026-05-08T10:26,Plumbing,ai,no,97,no,
CALL-0870,2026-05-30T10:05,HVAC,ai,yes,155,no,
CALL-0871,2026-06-19T13:57,HVAC,ai,no,375,yes,APPT-5406
CALL-0872,2026-05-22T02:11,Roofing,human,yes,55,yes,APPT-5407
CALL-0873,2026-06-13T08:26,Garage Door,ai,yes,354,yes,APPT-5408
CALL-0874,2026-05-03T11:10,HVAC,ai,yes,477,yes,APPT-5409
CALL-0875,2026-06-25T12:19,Electrical,ai,no,237,yes,APPT-5410
CALL-0876,2026-05-14T09:55,HVAC,ai,no,55,no,
CALL-0877,2026-05-07T22:42,Garage Door,ai,yes,116,no,
CALL-0878,2026-06-07T09:01,HVAC,ai,yes,110,no,
CALL-0879,2026-05-14T10:42,Garage Door,ai,no,204,no,
CALL-0880,2026-06-20T10:16,Electrical,ai,yes,198,no,
CALL-0881,2026-06-23T10:18,Electrical,ai,no,457,yes,APPT-5411
CALL-0882,2026-05-25T12:22,Roofing,ai,no,345,no,
CALL-0883,2026-05-07T07:31,HVAC,ai,yes,441,no,
CALL-0884,2026-05-23T17:42,Electrical,ai,yes,168,no,
CALL-0885,2026-06-13T13:01,Electrical,ai,yes,123,yes,APPT-5412
CALL-0886,2026-06-26T14:10,Garage Door,ai,no,238,yes,APPT-5413
CALL-0887,2026-05-14T09:32,Roofing,ai,no,409,yes,APPT-5414
CALL-0888,2026-05-05T09:47,HVAC,ai,no,71,yes,APPT-5415
CALL-0889,2026-06-16T16:26,Garage Door,ai,no,102,no,
CALL-0890,2026-06-14T14:45,Roofing,ai,yes,45,no,
CALL-0891,2026-06-12T08:15,Plumbing,ai,no,347,yes,APPT-5416
CALL-0892,2026-05-31T16:15,Roofing,ai,yes,309,yes,APPT-5417
CALL-0893,2026-05-27T10:31,Roofing,ai,no,435,yes,APPT-5418
CALL-0894,2026-05-17T22:02,HVAC,ai,yes,341,yes,APPT-5419
CALL-0895,2026-05-24T12:53,Roofing,ai,yes,238,no,
CALL-0896,2026-06-20T09:00,Plumbing,ai,yes,183,yes,APPT-5420
CALL-0897,2026-06-19T16:39,Electrical,ai,no,127,no,
CALL-0898,2026-06-25T10:12,Garage Door,ai,no,216,yes,APPT-5421
CALL-0899,2026-06-12T16:19,Roofing,ai,no,153,yes,APPT-5422
CALL-0900,2026-05-09T08:00,Plumbing,ai,yes,380,no,
CALL-0901,2026-05-23T08:09,Garage Door,human,yes,439,yes,APPT-5423
CALL-0902,2026-05-27T22:36,Plumbing,ai,yes,61,yes,APPT-5424
CALL-0903,2026-06-21T08:23,Plumbing,human,yes,144,no,
CALL-0904,2026-05-29T09:27,Roofing,ai,no,196,yes,APPT-5425
CALL-0905,2026-05-31T04:07,Plumbing,ai,yes,288,no,
CALL-0906,2026-06-20T08:40,Plumbing,ai,yes,236,no,
CALL-0907,2026-06-23T11:59,Roofing,ai,no,451,yes,APPT-5426
CALL-0908,2026-06-13T09:28,Plumbing,human,yes,57,no,
CALL-0909,2026-05-23T17:31,Electrical,ai,yes,65,no,
CALL-0910,2026-05-08T15:26,HVAC,ai,no,445,yes,APPT-5427
CALL-0911,2026-06-19T09:08,Roofing,ai,no,434,no,
CALL-0912,2026-05-01T15:06,Roofing,ai,no,108,no,
CALL-0913,2026-05-06T08:54,Electrical,ai,no,86,no,
CALL-0914,2026-06-12T14:24,Electrical,ai,no,338,yes,APPT-5428
CALL-0915,2026-05-13T12:04,Garage Door,ai,no,308,yes,APPT-5429
CALL-0916,2026-05-02T07:51,Garage Door,ai,yes,420,yes,APPT-5430
CALL-0917,2026-05-04T08:32,Roofing,ai,no,211,yes,APPT-5431
CALL-0918,2026-06-22T08:52,HVAC,ai,no,120,yes,APPT-5432
CALL-0919,2026-06-28T03:56,Electrical,human,yes,84,no,
CALL-0920,2026-05-09T15:06,Electrical,ai,yes,56,no,
CALL-0921,2026-06-07T09:28,Garage Door,ai,yes,408,yes,APPT-5433
CALL-0922,2026-05-15T10:57,Plumbing,ai,no,252,no,
CALL-0923,2026-05-11T23:20,Plumbing,ai,yes,129,yes,APPT-5434
CALL-0924,2026-05-06T08:00,Garage Door,ai,no,153,yes,APPT-5435
CALL-0925,2026-05-09T15:02,Plumbing,ai,yes,252,no,
CALL-0926,2026-05-18T10:38,Roofing,ai,no,93,yes,APPT-5436
CALL-0927,2026-06-09T13:04,Roofing,ai,no,471,yes,APPT-5437
CALL-0928,2026-05-19T16:09,Garage Door,ai,no,321,yes,APPT-5438
CALL-0929,2026-06-12T15:38,Plumbing,ai,no,237,yes,APPT-5439
CALL-0930,2026-05-08T18:06,HVAC,human,yes,307,no,
CALL-0931,2026-05-21T15:49,Electrical,ai,no,172,no,
CALL-0932,2026-05-12T16:48,HVAC,ai,no,399,yes,APPT-5440
CALL-0933,2026-05-16T11:15,HVAC,ai,yes,190,no,
CALL-0934,2026-05-03T11:27,Garage Door,ai,yes,295,yes,APPT-5441
CALL-0935,2026-06-20T14:39,Roofing,ai,yes,135,no,
CALL-0936,2026-06-22T08:16,Roofing,human,no,175,yes,APPT-5442
CALL-0937,2026-05-29T00:54,Garage Door,ai,yes,164,no,
CALL-0938,2026-06-28T11:02,HVAC,ai,yes,212,no,
CALL-0939,2026-06-21T15:09,Plumbing,ai,yes,384,no,
CALL-0940,2026-06-23T19:46,Garage Door,ai,yes,170,yes,APPT-5443
